file	version__name	bytes	sha256_16
001__20260331123234__drop_obsolete_prospects_column.sql	20260331123234__drop_obsolete_prospects_column	62	bfe3748c6c7e4275
002__20260627170152__create_audit_leads_table.sql	20260627170152__create_audit_leads_table	1137	3e63c9975d483423
003__20260702012359__create_client_roadmaps.sql	20260702012359__create_client_roadmaps	2414	8521c840f6089260
004__20260702012434__allow_anon_insert_roadmaps.sql	20260702012434__allow_anon_insert_roadmaps	97	b71b8e24e54f004c
005__20260702014701__auto_roadmap_from_scan.sql	20260702014701__auto_roadmap_from_scan	7568	222118c37f51b0af
006__20260702020842__roadmap_rpc_and_lead_link.sql	20260702020842__roadmap_rpc_and_lead_link	3755	184d37905642ab4e
007__20260703204620__crm_v1_deals_pipeline.sql	20260703204620__crm_v1_deals_pipeline	6753	1f4c9feee8e5d332
008__20260703221155__client_portal_v1.sql	20260703221155__client_portal_v1	7389	bd427a9d74019e74
009__20260706231127__engagement_schedule_v1.sql	20260706231127__engagement_schedule_v1	5411	72423292748792e9
010__20260706232704__engagement_schedule_rpc_and_triggers.sql	20260706232704__engagement_schedule_rpc_and_triggers	5694	743f45355502351a
011__20260706232725__fix_create_engagement_from_roadmap_idempotency_check.sql	20260706232725__fix_create_engagement_from_roadmap_idempotency_check	2613	8bf338981d5b2b30
012__20260707011556__enable_rls_structtech_state.sql	20260707011556__enable_rls_structtech_state	63	ee7e26973db6b6f0
013__20260707011611__staff_auth_infrastructure.sql	20260707011611__staff_auth_infrastructure	2397	506d952a687d99f8
014__20260707012035__fix_staff_users_recursive_rls.sql	20260707012035__fix_staff_users_recursive_rls	366	bc1922ff1ac3a62d
015__20260707012143__staff_scoped_access_policies.sql	20260707012143__staff_scoped_access_policies	2373	67a8334876f180e6
016__20260707013828__drop_anon_admin_access.sql	20260707013828__drop_anon_admin_access	1418	8de334a0ac33c0d9
017__20260707014514__staff_management_settings.sql	20260707014514__staff_management_settings	1425	ac04a336091fe8a5
018__20260707021116__pipeline_schema_v1.sql	20260707021116__pipeline_schema_v1	10030	bc4d37d128b6b444
019__20260712232456__20260712150000_drop_stale_deals_stage_check.sql	20260712232456__20260712150000_drop_stale_deals_stage_check	70	3f7f5e606ab2bc9c
020__20260716000014__crm_depth_stage3_lead_control_center_config_seed.sql	20260716000014__crm_depth_stage3_lead_control_center_config_seed	13794	c61af94c6000673e
021__20260717022050__lead_control_center_fix_pass.sql	20260717022050__lead_control_center_fix_pass	2311	075eb12f80112b0c
022__20260717022643__update_intake_checklist_field_null_safety.sql	20260717022643__update_intake_checklist_field_null_safety	1173	5a9b60df20ab4f80
023__20260717023704__create_estimate_from_deal_structured_address.sql	20260717023704__create_estimate_from_deal_structured_address	1552	39810ab15698cb84
024__20260717230832__stage5_track_a_security_gate.sql	20260717230832__stage5_track_a_security_gate	6713	3a9c664063c9ac87
025__20260717234023__stage5_track_b1_profile_trigger.sql	20260717234023__stage5_track_b1_profile_trigger	2724	29f55b6974a548fb
026__20260719033943__crm_depth_stage5_track_c2_actor_identity.sql	20260719033943__crm_depth_stage5_track_c2_actor_identity	18267	a0d317e909420015
027__20260719035623__crm_depth_stage5_track_c1_owner_assignment.sql	20260719035623__crm_depth_stage5_track_c1_owner_assignment	3890	3099726c77d841f1
028__20260719041159__crm_depth_stage5_track_c3_edit_by_ownership.sql	20260719041159__crm_depth_stage5_track_c3_edit_by_ownership	17281	ddd2e2676ddc2184
029__20260719195234__tracker_module.sql	20260719195234__tracker_module	20839	ba64f3dcf351096b
030__20260720023901__bmr_migration_staging.sql	20260720023901__bmr_migration_staging	3787	8239f0f0e4c5d23c
031__20260720023919__bmr_add_negotiating_stage.sql	20260720023919__bmr_add_negotiating_stage	1651	cc4365398d11f065
032__20260720023933__bmr_add_roof_type_options.sql	20260720023933__bmr_add_roof_type_options	2479	825bd64c45512775
033__20260720195355__estimate_builder_rebuild_chunk1_data_model.sql	20260720195355__estimate_builder_rebuild_chunk1_data_model	17218	d6603c96f229a86f
034__20260721005422__estimate_builder_rebuild_chunk3_document_fields_rpc.sql	20260721005422__estimate_builder_rebuild_chunk3_document_fields_rpc	1568	d3f88b480aaf819c
035__20260721151319__update_deal_fields_jsonb_patch.sql	20260721151319__update_deal_fields_jsonb_patch	5131	eaaf5e734e74d47d
036__20260721153207__drop_update_deal_details.sql	20260721153207__drop_update_deal_details	208	14277223c66ac887
037__20260721153326__drop_update_deal_details_fixed.sql	20260721153326__drop_update_deal_details_fixed	579	62b4aa1140c70888
038__20260721170344__estimate_builder_rebuild_chunk4_guided_scope_line_items.sql	20260721170344__estimate_builder_rebuild_chunk4_guided_scope_line_items	3370	7641252fc74f7bb6
039__20260721171341__update_estimate_build_mode_rpc.sql	20260721171341__update_estimate_build_mode_rpc	863	e85126e2db1847ed
040__20260721203903__fix_present_estimate_presented_total_includes_tax.sql	20260721203903__fix_present_estimate_presented_total_includes_tax	1473	0292b4477918b403
041__20260721211006__fix_estimates_status_default.sql	20260721211006__fix_estimates_status_default	70	a1fae3cb8bbb4da4
042__20260722024727__fix_null_authorization_gap.sql	20260722024727__fix_null_authorization_gap	9614	23c08844738e2bf5
043__20260722032634__work_order_post_signoff_activity_log.sql	20260722032634__work_order_post_signoff_activity_log	6041	8cbaa4dca70d410e
044__20260723154733__build_tracker_module.sql	20260723154733__build_tracker_module	14860	451446730ebcf7e7
045__20260724001357__build_tracker_multi_project.sql	20260724001357__build_tracker_multi_project	8100	43152c60a18daa13
046__20260729005047__capability_flags_chunk1_mechanism.sql	20260729005047__capability_flags_chunk1_mechanism	3982	e1bc5b3102452085
047__20260729012428__capability_flags_chunk2_financials_reads.sql	20260729012428__capability_flags_chunk2_financials_reads	8167	04791c1788b55936
048__20260729013404__capability_flags_chunk3_estimates_gate.sql	20260729013404__capability_flags_chunk3_estimates_gate	3239	d897681401074e35
049__20260729014113__capability_flags_chunk4_edit_scope_and_notes.sql	20260729014113__capability_flags_chunk4_edit_scope_and_notes	11665	e3c91212f23f5c2f
050__20260729015924__rls_hardening_estimates_and_deals_edit.sql	20260729015924__rls_hardening_estimates_and_deals_edit	3553	ce3b1b5ca86df54d
051__20260730010405__work_order_agreements_chunk1_data_model.sql	20260730010405__work_order_agreements_chunk1_data_model	5952	ceb7a5f9742a0412
052__20260801175433__wh_supplier_catalog_landing_zone.sql	20260801175433__wh_supplier_catalog_landing_zone	7115	f2749ffe986fd59d
053__20260801175520__organizations_add_supplier_tenant_type.sql	20260801175520__organizations_add_supplier_tenant_type	313	1144d6e1ae9dbcf2
054__20260804195617__wh_orders_schema.sql	20260804195617__wh_orders_schema	4340	e2930278e98b46a0
055__20260804195721__wh_orders_rls_and_rpcs.sql	20260804195721__wh_orders_rls_and_rpcs	6902	1f320fe56a49a99f
056__20260804195923__wh_catalog_public_read.sql	20260804195923__wh_catalog_public_read	1887	0691fd34797721bf
057__20260804200930__wh_storage_buckets_pdf_spec.sql	20260804200930__wh_storage_buckets_pdf_spec	754	e512b02989b04bf2
058__20260804200933__wh_orders_anon_grant_hardening.sql	20260804200933__wh_orders_anon_grant_hardening	668	c149f22f826205b7
059__20260805200915__wh_orders_webhook_error.sql	20260805200915__wh_orders_webhook_error	76	2bff4b12a13e065e
060__20260805212744__wh_retire_length_tables.sql	20260805212744__wh_retire_length_tables	278	f5cbd843bc61b8e4
061__20260805215137__wh_product_photos_bucket.sql	20260805215137__wh_product_photos_bucket	981	e82a88219a89cbcd
062__20260805215854__wh_catalog_id_defaults.sql	20260805215854__wh_catalog_id_defaults	415	391968af861727ca
063__20260805222115__wh_category_products_seed.sql	20260805222115__wh_category_products_seed	1835	6a73da203358995c
064__20260806215433__wh_orders_payment.sql	20260806215433__wh_orders_payment	988	272bd62c62b0f351
065__20260812123012__wh_team_members_roles.sql	20260812123012__wh_team_members_roles	6985	2b5c1723be74ca8e
066__20260812124921__wh_role_owner_bootstrap.sql	20260812124921__wh_role_owner_bootstrap	1250	c057d2c3f222d9ab
067__20260814205122__wh_colors_normalization.sql	20260814205122__wh_colors_normalization	6912	5339bb5d6bb6c95b
068__20260815020245__wh_order_number_sequence_authoritative.sql	20260815020245__wh_order_number_sequence_authoritative	3870	0e5d9bedd2034e11
069__20260816161039__archive_wh_color_normalization_backups.sql	20260816161039__archive_wh_color_normalization_backups	1413	7931b4c0946d174d
070__20260816172215__a1_1_job_spine_work_order_hierarchy.sql	20260816172215__a1_1_job_spine_work_order_hierarchy	4364	525cc60e1af3dcde
071__20260816173237__a1_1_fix_create_work_order_rpc_and_job_uniqueness.sql	20260816173237__a1_1_fix_create_work_order_rpc_and_job_uniqueness	2129	661b98b78997f995
072__20260817145037__cp3_step0_backups_20260817.sql	20260817145037__cp3_step0_backups_20260817	784	ada5f4ee7909d597
073__20260817145525__wh_product_families_variations.sql	20260817145525__wh_product_families_variations	17575	13a82f71b3ae0784
074__20260817150037__wh_product_photos_bucket_role_gating.sql	20260817150037__wh_product_photos_bucket_role_gating	1636	ec69c9df591a00bc
075__20260817150240__wh_product_photos_preserve_spec_upload.sql	20260817150240__wh_product_photos_preserve_spec_upload	1276	0e922849844b2d96
076__20260817151709__a1_2_creation_rpc_split_job_and_trade.sql	20260817151709__a1_2_creation_rpc_split_job_and_trade	12340	d2df5229909829d9
077__20260818231723__cp3_tuesday_step0_backups_20260818.sql	20260818231723__cp3_tuesday_step0_backups_20260818	973	cccab38a9ee560aa
078__20260818231832__wh_price_history.sql	20260818231832__wh_price_history	4819	55ad8e4c6741ae34
079__20260818232038__wh_product_types.sql	20260818232038__wh_product_types	6575	d77fd69a73a97049
080__20260818232146__wh_product_roles.sql	20260818232146__wh_product_roles	3907	313ef6529d7b73f0
081__20260818232222__wh_variation_colors.sql	20260818232222__wh_variation_colors	3139	8278c90ba8035671
082__20260819002237__a1_3b_child_rpc_repoint_trade_and_master.sql	20260819002237__a1_3b_child_rpc_repoint_trade_and_master	13423	3d8711f462a271c5
083__20260819232606__cp3_wednesday_step0_backups_20260819.sql	20260819232606__cp3_wednesday_step0_backups_20260819	1219	fc45864769bd6f5b
084__20260819232811__wh_catalog_editor_dual_write_rpc.sql	20260819232811__wh_catalog_editor_dual_write_rpc	13578	51e5300006ce98cb
085__20260819233735__a1_4_hierarchy_lifecycle_and_inherit_level_enforcement.sql	20260819233735__a1_4_hierarchy_lifecycle_and_inherit_level_enforcement	35969	0f5ad2a06616e221
086__20260820003958__tg_agenda_bot_schema.sql	20260820003958__tg_agenda_bot_schema	3918	38ee3f3a4f5eaa2c
087__20260820004929__tg_agenda_bot_assets_bucket.sql	20260820004929__tg_agenda_bot_assets_bucket	832	4f573ebaf58dc71d
088__20260820010229__tmp_enable_http_for_verification.sql	20260820010229__tmp_enable_http_for_verification	201	fb4d3c695d56bc71
089__20260820010953__tg_agenda_cleanup_unused_assets.sql	20260820010953__tg_agenda_cleanup_unused_assets	424	8472ef6072251219
090__20260820012550__tg_agenda_per_user_sessions_and_group_optin.sql	20260820012550__tg_agenda_per_user_sessions_and_group_optin	1609	c13e7b3df6437e63
091__20260820013518__tmp_enable_http_verify_v3.sql	20260820013518__tmp_enable_http_verify_v3	60	d964335162bb87cd
092__20260820013529__tmp_drop_http_after_verify.sql	20260820013529__tmp_drop_http_after_verify	31	3e04b5744a85b792
093__20260820020138__tmp_http_for_bot_diagnosis.sql	20260820020138__tmp_http_for_bot_diagnosis	60	d964335162bb87cd
094__20260820021626__bmr_field_ticket_schema.sql	20260820021626__bmr_field_ticket_schema	5501	1a985e5d3f3e08f1
095__20260820033312__bmr_tickets_schema_standalone.sql	20260820033312__bmr_tickets_schema_standalone	5560	a42e6d843805d6a6
096__20260820133834__a1_5_crew_visibility_rls_write_hole_and_anon_execute_sweep.sql	20260820133834__a1_5_crew_visibility_rls_write_hole_and_anon_execute_sweep	20577	81c840d272a0f7c0
097__20260820134145__cp3_thursday_backup_categories_20260820.sql	20260820134145__cp3_thursday_backup_categories_20260820	394	631b7a69839ab680
098__20260820134214__wh_categories_image_url_backfill.sql	20260820134214__wh_categories_image_url_backfill	984	2ba8c10c87f5a0df
099__20260820134701__cp3_thursday_backup_systems_20260820.sql	20260820134701__cp3_thursday_backup_systems_20260820	269	5699c19c7a61b8d0
100__20260820134724__wh_systems_hero_image_rehost.sql	20260820134724__wh_systems_hero_image_rehost	684	09c131a43a6a3df0
101__20260820140842__revoke_extensions_schema_usage_from_anon_and_authenticated.sql	20260820140842__revoke_extensions_schema_usage_from_anon_and_authenticated	3864	7e294ac250aff164
102__20260820142421__wh_systems_stages_anon_read_p0_fix.sql	20260820142421__wh_systems_stages_anon_read_p0_fix	2560	1e41df69b85ccafc
103__20260821004838__wh_category_products_colors_narrow_all_policies.sql	20260821004838__wh_category_products_colors_narrow_all_policies	3525	818b1889f74f24b8
104__20260821140030__bmr_tickets_standalone_jobs_and_scope.sql	20260821140030__bmr_tickets_standalone_jobs_and_scope	1919	be02c2c97087f7c7
105__20260821141857__bmr_tickets_migrate_off_public_and_drop_legacy.sql	20260821141857__bmr_tickets_migrate_off_public_and_drop_legacy	1458	6114e41a5dd5e29d
106__20260821180323__drop_bmr_tickets_schema.sql	20260821180323__drop_bmr_tickets_schema	278	6b50ee3f528e907d
107__20260822215146__wh_team_members_narrow_forall_and_scope_read.sql	20260822215146__wh_team_members_narrow_forall_and_scope_read	3139	79a05b1b3bc65a8c
